{
  "mode": "clustering",
  "per_scan": [
    {
      "ari": 0.9965503363511613,
      "nmi": 0.9929841987379028,
      "n_pred_clusters": 8,
      "n_true_grains": 8,
      "ari_selected": 0.9737402616271941,
      "selected_k": 7,
      "k_scores": {
        "2": 0.2730763433477736,
        "3": 0.3627858655594161,
        "4": 0.43334529354517864,
        "5": 0.46404497744031736,
        "6": 0.4922154576095685,
        "7": 0.5056691893523847,
        "8": 0.49614871717566067,
        "9": 0.38456234156196956,
        "10": 0.3400862589871547,
        "11": 0.3368833828615682,
        "12": 0.31331248460166594,
        "13": 0.27049666848252846,
        "14": 0.2619750222377705,
        "15": 0.23811031427919468,
        "16": 0.22637001044000016
      }
    },
    {
      "ari": 0.9013272241093089,
      "nmi": 0.9224163954973715,
      "n_pred_clusters": 8,
      "n_true_grains": 8,
      "ari_selected": 0.9102870122456864,
      "selected_k": 7,
      "k_scores": {
        "2": 0.22060948644908165,
        "3": 0.32171045819678035,
        "4": 0.37450875645442333,
        "5": 0.42598644667254465,
        "6": 0.4948284236828615,
        "7": 0.5390457410540122,
        "8": 0.46005171519407706,
        "9": 0.40022276848050964,
        "10": 0.342999226811741,
        "11": 0.34345311170319565,
        "12": 0.28595750227038,
        "13": 0.28361656383379075,
        "14": 0.2345581821452917,
        "15": 0.2263011838958865,
        "16": 0.19232911018021354
      }
    },
    {
      "ari": 0.704956522983325,
      "nmi": 0.8272118514229914,
      "n_pred_clusters": 8,
      "n_true_grains": 8,
      "ari_selected": 0.7822614284858729,
      "selected_k": 6,
      "k_scores": {
        "2": 0.28316041593826186,
        "3": 0.36668707398609296,
        "4": 0.4547412536255461,
        "5": 0.5233243943820436,
        "6": 0.5652107841380085,
        "7": 0.4843124931488954,
        "8": 0.3581375344113634,
        "9": 0.2940683442172753,
        "10": 0.28751784277464704,
        "11": 0.2868639169713656,
        "12": 0.22648859784919864,
        "13": 0.22218654080768335,
        "14": 0.2220417709671094,
        "15": 0.16836729616260454,
        "16": 0.21023121568339276
      }
    }
  ],
  "aggregate": {
    "ari": {
      "mean": 0.8676113611479318,
      "std": 0.12140650053991318
    },
    "nmi": {
      "mean": 0.9142041485527552,
      "std": 0.06792495139727583
    },
    "ari_selected": {
      "mean": 0.8887629007862511,
      "std": 0.07963877370510392
    },
    "selected_k": {
      "mean": 6.666666666666667,
      "std": 0.4714045207910317
    }
  },
  "config": {
    "mode": "clustering",
    "name": "clustering",
    "seed": 20260718,
    "scans_per_condition": 3,
    "scene": {
      "scan_shape": [
        48,
        48
      ],
      "n_grains": 8,
      "dose": 300,
      "mosaic_sigma": 0.3
    },
    "clustering": {
      "k_range": [
        2,
        16
      ]
    },
    "output": "results/clustering.json"
  },
  "wall_seconds": 27.21012890000202
}